id,area,acessibilidade,taxa_conclusao,modulos_concluidos,tempo_plataforma_dias,trilha_ideal
user_301,Advogado,nenhuma,0.92,16,61,Advogado
user_167,Logistica,libras,0.615,3,79,Logistica_Acessivel
user_610,Contabilidade,nenhuma,0.742,1,154,Contabilidade
user_436,Advogado,nenhuma,0.733,12,132,Advogado
user_475,Contabilidade,nenhuma,0.689,14,49,Contabilidade
user_509,Secretariado,nenhuma,0.599,16,87,Secretariado
user_552,Logistica,nenhuma,0.68,3,94,Logistica
user_357,Design,nenhuma,0.737,0,158,Design
user_858,Advogado,nenhuma,0.631,11,112,Advogado
user_33,Advogado,cego,0.539,3,77,Advogado_Acessivel
user_178,Design,libras,0.685,1,59,Design_Acessivel
user_524,Secretariado,nenhuma,0.732,13,113,Secretariado
user_219,SoftSkills,cego,0.491,4,90,SoftSkills_Acessivel
user_274,Advogado,cego,0.58,6,101,Advogado_Acessivel
user_711,Logistica,nenhuma,0.932,18,64,Logistica
user_402,Design,nenhuma,0.524,17,29,Design
user_496,Logistica,nenhuma,0.638,19,62,Logistica
user_160,Advogado,libras,0.525,2,96,Advogado_Acessivel
user_199,SoftSkills,libras,0.62,0,23,SoftSkills_Acessivel
user_23,SoftSkills,libras,0.594,4,47,SoftSkills_Acessivel
user_253,Contabilidade,libras,0.688,5,18,Contabilidade_Acessivel
user_361,Design,nenhuma,0.728,7,61,Design
user_952,Secretariado,nenhuma,0.827,2,29,Secretariado
user_856,Secretariado,nenhuma,0.754,8,73,Secretariado
user_454,Logistica,nenhuma,0.816,13,36,Logistica
user_414,Advogado,nenhuma,0.66,0,169,Advogado
user_61,SoftSkills,libras,0.594,5,8,SoftSkills_Acessivel
user_400,Advogado,nenhuma,0.714,18,12,Advogado
user_334,Logistica,nenhuma,0.75,10,33,Logistica
user_322,Design,nenhuma,0.653,3,2,Design
user_35,Secretariado,libras,0.487,2,106,Secretariado_Acessivel
user_526,Advogado,nenhuma,0.673,14,18,Advogado
user_133,Advogado,cego,0.646,11,112,Advogado_Acessivel
user_970,Design,nenhuma,0.753,19,99,Design
user_949,Design,nenhuma,0.639,16,7,Design
user_263,Secretariado,cego,0.56,7,118,Secretariado_Acessivel
user_717,Secretariado,nenhuma,0.771,14,155,Secretariado
user_922,Secretariado,nenhuma,0.719,13,166,Secretariado
user_613,Secretariado,nenhuma,0.742,8,131,Secretariado
user_817,Advogado,nenhuma,0.791,12,10,Advogado
user_131,Design,libras,0.539,4,41,Design_Acessivel
user_254,Logistica,libras,0.692,9,100,Logistica_Acessivel
user_235,Advogado,libras,0.7,3,1,Advogado_Acessivel
user_818,Contabilidade,nenhuma,0.703,8,155,Contabilidade
user_275,SoftSkills,libras,0.708,8,109,SoftSkills_Acessivel
user_547,Logistica,nenhuma,0.843,3,120,Logistica
user_15,Logistica,libras,0.482,4,24,Logistica_Acessivel
user_408,Advogado,nenhuma,0.707,10,158,Advogado
user_977,SoftSkills,nenhuma,0.752,10,80,SoftSkills
user_707,Contabilidade,nenhuma,0.746,3,179,Contabilidade
user_676,Advogado,nenhuma,0.924,6,28,Advogado
user_828,Secretariado,nenhuma,0.678,11,26,Secretariado
user_531,Logistica,nenhuma,0.672,17,95,Logistica
user_382,Logistica,nenhuma,0.734,17,40,Logistica
user_744,Design,nenhuma,0.735,13,53,Design
user_51,Contabilidade,cego,0.441,11,69,Contabilidade_Acessivel
user_647,Contabilidade,nenhuma,0.888,18,38,Contabilidade
user_344,Contabilidade,nenhuma,0.836,13,145,Contabilidade
user_827,Logistica,nenhuma,0.855,18,149,Logistica
user_410,Contabilidade,nenhuma,0.679,7,89,Contabilidade
user_463,Advogado,nenhuma,0.694,15,12,Advogado
user_512,Secretariado,nenhuma,0.731,0,109,Secretariado
user_871,SoftSkills,nenhuma,0.622,11,145,SoftSkills
user_231,Logistica,libras,0.554,6,51,Logistica_Acessivel
user_409,Design,nenhuma,0.773,14,113,Design
user_169,SoftSkills,cego,0.702,10,56,SoftSkills_Acessivel
user_319,Secretariado,nenhuma,0.668,10,45,Secretariado
user_727,Secretariado,nenhuma,0.796,6,30,Secretariado
user_142,Logistica,cego,0.723,6,101,Logistica_Acessivel
user_154,SoftSkills,libras,0.426,6,106,SoftSkills_Acessivel
user_41,Design,libras,0.691,10,17,Design_Acessivel
user_864,SoftSkills,nenhuma,0.874,7,13,SoftSkills
user_57,Logistica,libras,0.659,0,14,Logistica_Acessivel
user_157,Design,cego,0.66,10,115,Design_Acessivel
user_323,SoftSkills,nenhuma,0.655,1,13,SoftSkills
user_114,Design,libras,0.632,11,17,Design_Acessivel
user_80,Logistica,libras,0.45,11,108,Logistica_Acessivel
user_153,Design,cego,0.586,7,79,Design_Acessivel
user_102,Design,cego,0.638,10,29,Design_Acessivel
user_561,Secretariado,nenhuma,0.803,4,49,Secretariado
user_926,Secretariado,nenhuma,0.797,2,69,Secretariado
user_985,Contabilidade,nenhuma,0.639,0,165,Contabilidade
user_196,Logistica,cego,0.626,4,5,Logistica_Acessivel
user_617,SoftSkills,nenhuma,0.784,14,91,SoftSkills
user_172,Advogado,cego,0.494,6,101,Advogado_Acessivel
user_842,Contabilidade,nenhuma,0.702,11,38,Contabilidade
user_681,Logistica,nenhuma,0.674,5,28,Logistica
user_738,Secretariado,nenhuma,0.659,7,120,Secretariado
user_575,Contabilidade,nenhuma,0.763,4,58,Contabilidade
user_685,Secretariado,nenhuma,0.895,8,63,Secretariado
user_134,Logistica,cego,0.524,2,6,Logistica_Acessivel
user_873,Advogado,nenhuma,0.741,0,62,Advogado
user_840,Design,nenhuma,0.515,7,135,Design
user_692,Logistica,nenhuma,0.656,7,162,Logistica
user_200,Advogado,cego,0.634,8,17,Advogado_Acessivel
user_339,SoftSkills,nenhuma,0.754,4,84,SoftSkills
user_452,Design,nenhuma,0.596,6,169,Design
user_67,Advogado,cego,0.74,11,97,Advogado_Acessivel
user_348,Advogado,nenhuma,0.777,13,17,Advogado
user_946,Design,nenhuma,0.804,1,141,Design
user_123,Logistica,cego,0.527,11,113,Logistica_Acessivel
user_462,Logistica,nenhuma,0.67,12,31,Logistica
user_881,Logistica,nenhuma,0.724,17,169,Logistica
user_318,Logistica,nenhuma,0.644,9,100,Logistica
user_572,Advogado,nenhuma,0.883,6,70,Advogado
user_330,SoftSkills,nenhuma,0.688,16,138,SoftSkills
user_24,Secretariado,libras,0.68,0,5,Secretariado_Acessivel
user_675,Secretariado,nenhuma,0.724,18,118,Secretariado
user_691,Secretariado,nenhuma,0.585,5,64,Secretariado
user_353,Advogado,nenhuma,0.75,7,11,Advogado
user_767,Logistica,nenhuma,0.774,3,18,Logistica
user_729,Advogado,nenhuma,0.671,12,136,Advogado
user_117,Logistica,cego,0.454,3,17,Logistica_Acessivel
user_292,SoftSkills,libras,0.576,4,25,SoftSkills_Acessivel
user_866,Contabilidade,nenhuma,0.808,3,172,Contabilidade
user_161,Secretariado,cego,0.491,9,51,Secretariado_Acessivel
user_92,SoftSkills,libras,0.648,4,23,SoftSkills_Acessivel
user_341,Secretariado,nenhuma,0.792,14,162,Secretariado
user_97,Advogado,libras,0.771,4,12,Advogado_Acessivel
user_81,Logistica,libras,0.697,3,94,Logistica_Acessivel
user_836,Secretariado,nenhuma,0.777,7,164,Secretariado
user_644,Secretariado,nenhuma,0.857,16,65,Secretariado
user_325,Design,nenhuma,0.772,2,70,Design
user_176,Contabilidade,libras,0.569,5,34,Contabilidade_Acessivel
user_413,Advogado,nenhuma,0.744,17,63,Advogado
user_216,Contabilidade,libras,0.525,3,5,Contabilidade_Acessivel
user_333,Contabilidade,nenhuma,0.675,11,7,Contabilidade
user_398,Logistica,nenhuma,0.665,0,119,Logistica
user_257,Secretariado,cego,0.7,8,53,Secretariado_Acessivel
user_541,Design,nenhuma,0.604,18,70,Design
user_885,SoftSkills,nenhuma,0.743,14,20,SoftSkills
user_636,Secretariado,nenhuma,0.696,8,78,Secretariado
user_46,Secretariado,cego,0.64,3,96,Secretariado_Acessivel
user_432,Contabilidade,nenhuma,0.751,12,19,Contabilidade
user_386,Advogado,nenhuma,0.814,19,130,Advogado
user_668,SoftSkills,nenhuma,0.754,12,175,SoftSkills
user_897,Design,nenhuma,0.81,9,160,Design
user_515,Secretariado,nenhuma,0.815,9,38,Secretariado
user_520,Contabilidade,nenhuma,0.741,1,11,Contabilidade
user_978,Advogado,nenhuma,0.772,1,178,Advogado
user_66,Advogado,libras,0.581,4,24,Advogado_Acessivel
user_534,Secretariado,nenhuma,0.788,6,108,Secretariado
user_908,Design,nenhuma,0.851,5,127,Design
user_578,Secretariado,nenhuma,0.769,11,169,Secretariado
user_403,Advogado,nenhuma,0.596,10,178,Advogado
user_374,Logistica,nenhuma,0.73,14,97,Logistica
user_677,Secretariado,nenhuma,0.671,1,93,Secretariado
user_135,Secretariado,libras,0.659,1,10,Secretariado_Acessivel
user_95,Design,cego,0.576,10,84,Design_Acessivel
user_204,Secretariado,libras,0.568,3,29,Secretariado_Acessivel
user_576,Logistica,nenhuma,0.82,17,69,Logistica
user_634,SoftSkills,nenhuma,0.689,3,168,SoftSkills
user_77,Contabilidade,cego,0.445,5,51,Contabilidade_Acessivel
user_543,Logistica,nenhuma,0.817,2,154,Logistica
user_934,Advogado,nenhuma,0.547,11,158,Advogado
user_68,Logistica,libras,0.724,4,32,Logistica_Acessivel
user_597,Secretariado,nenhuma,0.611,11,74,Secretariado
user_962,Contabilidade,nenhuma,0.667,9,67,Contabilidade
user_126,Secretariado,cego,0.571,3,57,Secretariado_Acessivel
user_629,Advogado,nenhuma,0.688,5,150,Advogado
user_168,SoftSkills,cego,0.508,9,28,SoftSkills_Acessivel
user_411,SoftSkills,nenhuma,0.734,15,142,SoftSkills
user_764,Advogado,nenhuma,0.77,12,141,Advogado
user_459,Design,nenhuma,0.818,11,2,Design
user_545,Logistica,nenhuma,0.687,16,119,Logistica
user_770,Logistica,nenhuma,0.877,10,13,Logistica
user_9,Advogado,libras,0.552,3,92,Advogado_Acessivel
user_623,Logistica,nenhuma,0.837,3,145,Logistica
user_300,Logistica,cego,0.526,5,47,Logistica_Acessivel
user_298,Logistica,cego,0.517,9,107,Logistica_Acessivel
user_582,SoftSkills,nenhuma,0.608,16,17,SoftSkills
user_759,Logistica,nenhuma,0.727,8,21,Logistica
user_741,Secretariado,nenhuma,0.829,16,23,Secretariado
user_517,Advogado,nenhuma,0.703,17,10,Advogado
user_312,Logistica,nenhuma,0.723,12,81,Logistica
user_427,Design,nenhuma,0.59,3,15,Design
user_365,Design,nenhuma,0.821,14,127,Design
user_548,SoftSkills,nenhuma,0.88,1,158,SoftSkills
user_961,Advogado,nenhuma,0.704,12,79,Advogado
user_62,Secretariado,cego,0.597,1,21,Secretariado_Acessivel
user_666,Logistica,nenhuma,0.705,15,161,Logistica
user_501,Logistica,nenhuma,0.753,17,173,Logistica
user_34,Secretariado,cego,0.453,6,70,Secretariado_Acessivel
user_892,Design,nenhuma,0.742,9,53,Design
user_549,Design,nenhuma,0.695,18,49,Design
user_289,Logistica,libras,0.808,11,111,Logistica_Acessivel
user_776,Logistica,nenhuma,0.816,10,153,Logistica
user_455,Logistica,nenhuma,0.632,8,13,Logistica
user_683,Contabilidade,nenhuma,0.625,5,122,Contabilidade
user_16,Advogado,libras,0.542,11,60,Advogado_Acessivel
user_569,SoftSkills,nenhuma,0.813,5,44,SoftSkills
user_396,Contabilidade,nenhuma,0.754,19,114,Contabilidade
user_377,Contabilidade,nenhuma,0.95,18,96,Contabilidade
user_724,SoftSkills,nenhuma,0.8,15,114,SoftSkills
user_528,SoftSkills,nenhuma,0.849,6,151,SoftSkills
user_356,Design,nenhuma,0.627,7,160,Design
user_148,Advogado,libras,0.609,5,108,Advogado_Acessivel
user_982,Logistica,nenhuma,0.808,13,13,Logistica
user_55,Advogado,cego,0.593,1,110,Advogado_Acessivel
user_838,Design,nenhuma,0.817,16,116,Design
user_165,Advogado,cego,0.567,5,111,Advogado_Acessivel
user_957,Secretariado,nenhuma,0.691,14,131,Secretariado
user_21,Advogado,libras,0.528,6,23,Advogado_Acessivel
user_320,Design,nenhuma,0.758,18,31,Design
user_395,Advogado,nenhuma,0.751,14,134,Advogado
user_290,Design,cego,0.518,8,103,Design_Acessivel
user_899,Advogado,nenhuma,0.856,17,163,Advogado
user_748,Advogado,nenhuma,0.795,16,93,Advogado
user_760,Contabilidade,nenhuma,0.736,18,140,Contabilidade
user_559,Design,nenhuma,0.731,12,51,Design
user_986,SoftSkills,nenhuma,0.563,5,125,SoftSkills
user_663,Advogado,nenhuma,0.715,13,45,Advogado
user_295,Secretariado,cego,0.592,7,11,Secretariado_Acessivel
user_698,Logistica,nenhuma,0.848,4,170,Logistica
user_518,Logistica,nenhuma,0.711,3,140,Logistica
user_505,SoftSkills,nenhuma,0.76,16,105,SoftSkills
user_316,Contabilidade,nenhuma,0.691,0,59,Contabilidade
user_401,Design,nenhuma,0.682,10,126,Design
user_261,Secretariado,libras,0.551,7,11,Secretariado_Acessivel
user_336,Design,nenhuma,0.683,1,174,Design
user_158,Advogado,cego,0.455,6,55,Advogado_Acessivel
user_461,Design,nenhuma,0.564,11,36,Design
user_359,Design,nenhuma,0.64,6,90,Design
user_533,Secretariado,nenhuma,0.784,2,118,Secretariado
user_491,Advogado,nenhuma,0.622,8,156,Advogado
user_924,Logistica,nenhuma,0.707,16,92,Logistica
user_605,Logistica,nenhuma,0.885,18,32,Logistica
user_878,SoftSkills,nenhuma,0.836,19,29,SoftSkills
user_373,Secretariado,nenhuma,0.723,9,35,Secretariado
user_441,Advogado,nenhuma,0.758,14,123,Advogado
user_602,Secretariado,nenhuma,0.773,12,3,Secretariado
user_535,Advogado,nenhuma,0.67,9,144,Advogado
user_213,SoftSkills,libras,0.529,10,12,SoftSkills_Acessivel
user_821,Advogado,nenhuma,0.584,16,18,Advogado
user_765,Contabilidade,nenhuma,0.688,8,166,Contabilidade
user_304,Secretariado,nenhuma,0.72,5,13,Secretariado
user_600,SoftSkills,nenhuma,0.763,7,42,SoftSkills
user_442,Logistica,nenhuma,0.538,8,26,Logistica
user_928,Advogado,nenhuma,0.654,19,88,Advogado
user_812,Advogado,nenhuma,0.786,19,88,Advogado
user_12,SoftSkills,libras,0.631,5,54,SoftSkills_Acessivel
user_124,Advogado,cego,0.456,5,117,Advogado_Acessivel
user_635,Advogado,nenhuma,0.569,10,53,Advogado
user_394,Logistica,nenhuma,0.692,11,165,Logistica
user_174,Contabilidade,libras,0.618,8,17,Contabilidade_Acessivel
user_603,Secretariado,nenhuma,0.693,7,101,Secretariado
user_553,Advogado,nenhuma,0.653,19,113,Advogado
user_869,Secretariado,nenhuma,0.612,7,124,Secretariado
user_7,Contabilidade,cego,0.526,2,7,Contabilidade_Acessivel
user_435,Secretariado,nenhuma,0.654,17,2,Secretariado
user_79,SoftSkills,libras,0.628,4,97,SoftSkills_Acessivel
user_27,Advogado,libras,0.607,4,23,Advogado_Acessivel
user_964,SoftSkills,nenhuma,0.697,3,60,SoftSkills
user_787,Secretariado,nenhuma,0.745,1,156,Secretariado
user_598,Contabilidade,nenhuma,0.699,8,164,Contabilidade
user_130,Design,cego,0.522,11,36,Design_Acessivel
user_659,Contabilidade,nenhuma,0.695,16,62,Contabilidade
user_976,Secretariado,nenhuma,0.584,7,130,Secretariado
user_306,Design,nenhuma,0.795,10,105,Design
user_372,Design,nenhuma,0.674,5,146,Design
user_894,SoftSkills,nenhuma,0.747,12,28,SoftSkills
user_369,Secretariado,nenhuma,0.772,11,141,Secretariado
user_778,Contabilidade,nenhuma,0.681,15,175,Contabilidade
user_243,Contabilidade,cego,0.435,1,7,Contabilidade_Acessivel
user_627,Contabilidade,nenhuma,0.644,18,30,Contabilidade
user_54,Advogado,libras,0.638,7,116,Advogado_Acessivel
user_121,Design,cego,0.515,11,72,Design_Acessivel
user_258,Design,cego,0.696,0,26,Design_Acessivel
user_860,Contabilidade,nenhuma,0.773,3,146,Contabilidade
user_846,Secretariado,nenhuma,0.779,14,118,Secretariado
user_392,Secretariado,nenhuma,0.754,11,1,Secretariado
user_682,Logistica,nenhuma,0.769,10,146,Logistica
user_85,SoftSkills,cego,0.61,4,1,SoftSkills_Acessivel
user_806,Advogado,nenhuma,0.747,17,19,Advogado
user_484,SoftSkills,nenhuma,0.795,12,117,SoftSkills
user_799,Secretariado,nenhuma,0.664,13,134,Secretariado
user_782,SoftSkills,nenhuma,0.661,11,16,SoftSkills
user_960,Contabilidade,nenhuma,0.795,19,57,Contabilidade
user_116,Secretariado,libras,0.559,9,66,Secretariado_Acessivel
user_285,Design,cego,0.358,11,66,Design_Acessivel
user_703,Advogado,nenhuma,0.859,18,131,Advogado
user_478,Secretariado,nenhuma,0.697,15,7,Secretariado
user_973,Design,nenhuma,0.736,2,21,Design
user_74,Secretariado,libras,0.742,1,25,Secretariado_Acessivel
user_529,Contabilidade,nenhuma,0.708,10,89,Contabilidade
user_248,SoftSkills,cego,0.562,8,98,SoftSkills_Acessivel
user_362,Secretariado,nenhuma,0.698,5,9,Secretariado
user_281,SoftSkills,cego,0.458,11,45,SoftSkills_Acessivel
user_495,Contabilidade,nenhuma,0.759,5,178,Contabilidade
user_886,Secretariado,nenhuma,0.635,8,148,Secretariado
user_884,Contabilidade,nenhuma,0.916,9,166,Contabilidade
user_47,Contabilidade,cego,0.559,6,82,Contabilidade_Acessivel
user_69,Advogado,cego,0.496,8,106,Advogado_Acessivel
user_757,Secretariado,nenhuma,0.757,14,23,Secretariado
user_347,Logistica,nenhuma,0.736,13,15,Logistica
user_586,Secretariado,nenhuma,0.792,6,86,Secretariado
user_601,Contabilidade,nenhuma,0.799,6,80,Contabilidade
user_684,SoftSkills,nenhuma,0.794,11,98,SoftSkills
user_618,Secretariado,nenhuma,0.769,0,125,Secretariado
user_593,Design,nenhuma,0.749,1,153,Design
user_556,Contabilidade,nenhuma,0.677,15,47,Contabilidade
user_753,Advogado,nenhuma,0.682,3,82,Advogado
user_225,Design,libras,0.476,10,17,Design_Acessivel
user_912,Logistica,nenhuma,0.723,5,107,Logistica
user_714,Advogado,nenhuma,0.728,19,169,Advogado
user_466,SoftSkills,nenhuma,0.68,4,104,SoftSkills
user_3,Secretariado,libras,0.562,11,21,Secretariado_Acessivel
user_251,SoftSkills,cego,0.64,8,103,SoftSkills_Acessivel
user_971,Logistica,nenhuma,0.773,6,92,Logistica
user_470,Contabilidade,nenhuma,0.917,0,151,Contabilidade
user_904,Advogado,nenhuma,0.642,14,47,Advogado
user_945,Secretariado,nenhuma,0.807,0,157,Secretariado
user_612,SoftSkills,nenhuma,0.714,17,134,SoftSkills
user_291,Logistica,libras,0.451,1,68,Logistica_Acessivel
user_214,Logistica,libras,0.414,7,62,Logistica_Acessivel
user_297,Contabilidade,cego,0.558,5,117,Contabilidade_Acessivel
user_326,Secretariado,nenhuma,0.893,6,74,Secretariado
user_701,Logistica,nenhuma,0.597,15,22,Logistica
user_632,SoftSkills,nenhuma,0.791,8,124,SoftSkills
user_329,Contabilidade,nenhuma,0.705,16,12,Contabilidade
user_527,Logistica,nenhuma,0.7,7,46,Logistica
user_331,SoftSkills,nenhuma,0.816,17,50,SoftSkills
user_880,Design,nenhuma,0.699,5,58,Design
user_202,SoftSkills,cego,0.578,5,67,SoftSkills_Acessivel
user_772,Logistica,nenhuma,0.767,9,46,Logistica
user_910,Design,nenhuma,0.716,5,65,Design
user_700,Contabilidade,nenhuma,0.693,8,113,Contabilidade
user_792,Secretariado,nenhuma,0.836,10,104,Secretariado
user_775,Advogado,nenhuma,0.651,11,116,Advogado
user_936,Logistica,nenhuma,0.635,16,104,Logistica
user_419,Logistica,nenhuma,0.696,10,129,Logistica
user_831,Logistica,nenhuma,0.773,19,143,Logistica
user_4,Contabilidade,cego,0.613,9,22,Contabilidade_Acessivel
user_577,Secretariado,nenhuma,0.653,16,147,Secretariado
user_389,Contabilidade,nenhuma,0.596,2,118,Contabilidade
user_151,SoftSkills,cego,0.586,1,98,SoftSkills_Acessivel
user_173,Design,libras,0.695,5,90,Design_Acessivel
user_354,SoftSkills,nenhuma,0.758,18,88,SoftSkills
user_959,Advogado,nenhuma,0.698,7,36,Advogado
user_824,Advogado,nenhuma,0.849,12,148,Advogado
user_221,Advogado,cego,0.574,7,15,Advogado_Acessivel
user_418,SoftSkills,nenhuma,0.645,1,82,SoftSkills
user_950,Design,nenhuma,0.723,16,103,Design
user_230,Contabilidade,cego,0.611,5,86,Contabilidade_Acessivel
user_736,Design,nenhuma,0.737,9,124,Design
user_313,Design,nenhuma,0.442,18,67,Design
user_125,Design,libras,0.618,4,36,Design_Acessivel
user_621,Contabilidade,nenhuma,0.702,14,38,Contabilidade
user_854,Secretariado,nenhuma,0.756,5,1,Secretariado
user_872,SoftSkills,nenhuma,0.685,0,5,SoftSkills
user_890,SoftSkills,nenhuma,0.56,8,100,SoftSkills
user_657,Advogado,nenhuma,0.704,13,113,Advogado
user_159,Secretariado,libras,0.629,7,4,Secretariado_Acessivel
user_999,Advogado,nenhuma,0.735,18,171,Advogado
user_555,Contabilidade,nenhuma,0.65,5,4,Contabilidade
user_280,Secretariado,libras,0.594,9,103,Secretariado_Acessivel
user_136,SoftSkills,libras,0.718,1,109,SoftSkills_Acessivel
user_826,SoftSkills,nenhuma,0.78,1,169,SoftSkills
user_259,Contabilidade,cego,0.537,1,54,Contabilidade_Acessivel
user_573,Design,nenhuma,0.748,14,176,Design
user_194,Contabilidade,libras,0.588,2,35,Contabilidade_Acessivel
user_507,Advogado,nenhuma,0.746,7,21,Advogado
user_352,SoftSkills,nenhuma,0.689,10,45,SoftSkills
user_284,Logistica,libras,0.611,5,25,Logistica_Acessivel
user_346,Contabilidade,nenhuma,0.778,6,131,Contabilidade
user_483,SoftSkills,nenhuma,0.679,2,169,SoftSkills
user_480,Secretariado,nenhuma,0.798,1,163,Secretariado
user_843,Secretariado,nenhuma,0.817,4,141,Secretariado
user_788,Logistica,nenhuma,0.732,14,124,Logistica
user_837,Design,nenhuma,0.668,3,67,Design
user_324,SoftSkills,nenhuma,0.789,16,17,SoftSkills
user_769,Logistica,nenhuma,0.693,0,100,Logistica
user_542,Secretariado,nenhuma,0.631,4,132,Secretariado
user_797,Advogado,nenhuma,0.72,8,54,Advogado
user_314,Design,nenhuma,0.65,7,91,Design
user_440,Contabilidade,nenhuma,0.755,6,54,Contabilidade
user_164,Advogado,libras,0.517,9,45,Advogado_Acessivel
user_591,Logistica,nenhuma,0.642,13,155,Logistica
user_583,Design,nenhuma,0.713,0,74,Design
user_859,Logistica,nenhuma,0.72,2,15,Logistica
user_848,Secretariado,nenhuma,0.582,9,32,Secretariado
user_363,SoftSkills,nenhuma,0.838,8,114,SoftSkills
user_756,Advogado,nenhuma,0.706,0,60,Advogado
user_991,Contabilidade,nenhuma,0.768,2,109,Contabilidade
user_482,Design,nenhuma,0.764,0,164,Design
user_317,Secretariado,nenhuma,0.683,12,89,Secretariado
user_669,Advogado,nenhuma,0.849,1,68,Advogado
user_397,SoftSkills,nenhuma,0.724,19,26,SoftSkills
user_122,Advogado,cego,0.566,6,1,Advogado_Acessivel
user_421,Logistica,nenhuma,0.632,6,143,Logistica
user_100,Logistica,libras,0.55,9,74,Logistica_Acessivel
user_437,Design,nenhuma,0.709,11,74,Design
user_937,Logistica,nenhuma,0.798,17,94,Logistica
user_713,SoftSkills,nenhuma,0.807,10,5,SoftSkills
user_19,Secretariado,libras,0.651,2,33,Secretariado_Acessivel
user_956,Secretariado,nenhuma,0.712,8,157,Secretariado
user_646,Advogado,nenhuma,0.739,18,26,Advogado
user_993,Logistica,nenhuma,0.734,10,149,Logistica
user_391,Design,nenhuma,0.649,4,20,Design
user_671,Contabilidade,nenhuma,0.649,7,84,Contabilidade
user_431,Logistica,nenhuma,0.7,10,51,Logistica
user_477,Logistica,nenhuma,0.794,13,134,Logistica
user_508,Contabilidade,nenhuma,0.707,10,34,Contabilidade
user_697,Secretariado,nenhuma,0.699,9,122,Secretariado
user_146,Contabilidade,libras,0.579,7,39,Contabilidade_Acessivel
user_521,Design,nenhuma,0.765,8,153,Design
user_502,Contabilidade,nenhuma,0.806,16,139,Contabilidade
user_198,Advogado,libras,0.619,1,40,Advogado_Acessivel
user_662,Advogado,nenhuma,0.673,18,59,Advogado
user_20,Logistica,cego,0.497,9,103,Logistica_Acessivel
user_514,Secretariado,nenhuma,0.642,6,28,Secretariado
user_696,Contabilidade,nenhuma,0.682,13,107,Contabilidade
user_26,Logistica,libras,0.526,2,63,Logistica_Acessivel
user_217,Logistica,libras,0.537,11,31,Logistica_Acessivel
user_693,Contabilidade,nenhuma,0.841,3,113,Contabilidade
user_305,Logistica,nenhuma,0.909,13,101,Logistica
user_595,Advogado,nenhuma,0.821,6,23,Advogado
user_504,Contabilidade,nenhuma,0.717,17,157,Contabilidade
user_670,SoftSkills,nenhuma,0.792,0,127,SoftSkills
user_829,Secretariado,nenhuma,0.648,14,71,Secretariado
user_592,Logistica,nenhuma,0.757,8,168,Logistica
user_245,Logistica,cego,0.596,1,2,Logistica_Acessivel
user_415,Advogado,nenhuma,0.746,12,159,Advogado
user_241,Logistica,cego,0.61,7,34,Logistica_Acessivel
user_594,SoftSkills,nenhuma,0.847,2,44,SoftSkills
user_558,Advogado,nenhuma,0.79,19,61,Advogado
user_740,Logistica,nenhuma,0.742,12,21,Logistica
user_923,Design,nenhuma,0.779,15,157,Design
user_898,SoftSkills,nenhuma,0.693,15,166,SoftSkills
user_889,Secretariado,nenhuma,0.801,8,96,Secretariado
user_974,Design,nenhuma,0.745,3,62,Design
user_868,SoftSkills,nenhuma,0.785,2,114,SoftSkills
user_554,Secretariado,nenhuma,0.709,14,57,Secretariado
user_262,Contabilidade,libras,0.487,0,59,Contabilidade_Acessivel
user_429,SoftSkills,nenhuma,0.788,10,21,SoftSkills
user_78,Design,cego,0.73,5,58,Design_Acessivel
user_690,Contabilidade,nenhuma,0.754,2,171,Contabilidade
user_619,Design,nenhuma,0.816,14,167,Design
user_791,Secretariado,nenhuma,0.781,9,45,Secretariado
user_141,SoftSkills,cego,0.597,4,102,SoftSkills_Acessivel
user_489,Secretariado,nenhuma,0.614,1,126,Secretariado
user_17,Logistica,libras,0.626,0,89,Logistica_Acessivel
user_609,Secretariado,nenhuma,0.672,3,25,Secretariado
user_175,Contabilidade,cego,0.396,8,109,Contabilidade_Acessivel
user_966,SoftSkills,nenhuma,0.688,16,137,SoftSkills
user_902,Advogado,nenhuma,0.681,10,121,Advogado
user_208,Contabilidade,cego,0.636,7,52,Contabilidade_Acessivel
user_99,Secretariado,libras,0.622,0,90,Secretariado_Acessivel
user_814,Design,nenhuma,0.845,3,101,Design
user_22,Logistica,libras,0.591,2,44,Logistica_Acessivel
user_209,Logistica,libras,0.519,3,76,Logistica_Acessivel
user_335,SoftSkills,nenhuma,0.811,10,58,SoftSkills
user_405,SoftSkills,nenhuma,0.809,9,124,SoftSkills
user_426,Advogado,nenhuma,0.636,2,85,Advogado
user_953,Logistica,nenhuma,0.778,15,25,Logistica
user_733,SoftSkills,nenhuma,0.589,5,75,SoftSkills
user_249,Contabilidade,cego,0.542,7,59,Contabilidade_Acessivel
user_823,Contabilidade,nenhuma,0.573,0,114,Contabilidade
user_877,Contabilidade,nenhuma,0.809,13,147,Contabilidade
user_680,Logistica,nenhuma,0.668,14,101,Logistica
user_820,Logistica,nenhuma,0.826,2,99,Logistica
user_768,Secretariado,nenhuma,0.707,5,172,Secretariado
user_278,Secretariado,cego,0.581,7,114,Secretariado_Acessivel
user_752,Advogado,nenhuma,0.651,10,147,Advogado
user_385,SoftSkills,nenhuma,0.718,14,14,SoftSkills
user_710,Logistica,nenhuma,0.624,7,28,Logistica
user_891,Secretariado,nenhuma,0.801,0,83,Secretariado
user_52,Secretariado,cego,0.585,6,9,Secretariado_Acessivel
user_947,SoftSkills,nenhuma,0.691,14,48,SoftSkills
user_588,Secretariado,nenhuma,0.662,16,32,Secretariado
user_604,Contabilidade,nenhuma,0.688,15,107,Contabilidade
user_574,Logistica,nenhuma,0.855,9,154,Logistica
user_536,Advogado,nenhuma,0.758,11,5,Advogado
user_585,SoftSkills,nenhuma,0.755,1,144,SoftSkills
user_816,Secretariado,nenhuma,0.768,4,155,Secretariado
user_103,Contabilidade,libras,0.636,3,10,Contabilidade_Acessivel
user_457,Contabilidade,nenhuma,0.739,5,50,Contabilidade
user_667,Logistica,nenhuma,0.775,13,87,Logistica
user_539,Design,nenhuma,0.816,19,164,Design
user_730,Logistica,nenhuma,0.735,8,127,Logistica
user_909,Secretariado,nenhuma,0.574,13,131,Secretariado
user_381,Secretariado,nenhuma,0.784,11,131,Secretariado
user_445,Design,nenhuma,0.775,6,89,Design
user_448,Secretariado,nenhuma,0.621,11,161,Secretariado
user_581,Logistica,nenhuma,0.681,10,169,Logistica
user_456,Advogado,nenhuma,0.663,1,5,Advogado
user_379,Design,nenhuma,0.806,1,164,Design
user_205,Advogado,libras,0.513,6,33,Advogado_Acessivel
user_917,Contabilidade,nenhuma,0.628,14,92,Contabilidade
user_423,Logistica,nenhuma,0.596,16,35,Logistica
user_332,SoftSkills,nenhuma,0.598,14,29,SoftSkills
user_108,Contabilidade,libras,0.663,8,86,Contabilidade_Acessivel
user_476,Design,nenhuma,0.757,5,82,Design
user_267,Design,cego,0.532,8,73,Design_Acessivel
user_30,Design,libras,0.566,8,117,Design_Acessivel
user_307,Secretariado,nenhuma,0.706,2,153,Secretariado
user_865,SoftSkills,nenhuma,0.548,10,89,SoftSkills
user_845,SoftSkills,nenhuma,0.674,18,126,SoftSkills
user_449,Logistica,nenhuma,0.818,10,138,Logistica
user_674,Advogado,nenhuma,0.655,9,51,Advogado
user_240,Logistica,cego,0.597,7,54,Logistica_Acessivel
user_931,Design,nenhuma,0.648,16,61,Design
user_566,Advogado,nenhuma,0.632,3,158,Advogado
user_197,Secretariado,cego,0.629,8,109,Secretariado_Acessivel
user_906,Secretariado,nenhuma,0.65,17,62,Secretariado
user_847,Contabilidade,nenhuma,0.837,16,16,Contabilidade
user_513,Secretariado,nenhuma,0.612,10,143,Secretariado
user_443,Advogado,nenhuma,0.635,9,72,Advogado
user_835,Design,nenhuma,0.721,2,111,Design
user_37,Advogado,libras,0.547,9,52,Advogado_Acessivel
user_311,Design,nenhuma,0.764,15,28,Design
user_784,Secretariado,nenhuma,0.879,8,160,Secretariado
user_641,SoftSkills,nenhuma,0.726,4,48,SoftSkills
user_560,Logistica,nenhuma,0.579,18,170,Logistica
user_522,Secretariado,nenhuma,0.703,13,124,Secretariado
user_203,Secretariado,cego,0.5,0,116,Secretariado_Acessivel
user_773,Logistica,nenhuma,0.598,16,100,Logistica
user_656,Logistica,nenhuma,0.713,19,56,Logistica
user_704,Design,nenhuma,0.899,1,160,Design
user_138,Design,cego,0.692,8,86,Design_Acessivel
user_242,SoftSkills,cego,0.486,7,46,SoftSkills_Acessivel
user_620,SoftSkills,nenhuma,0.63,8,148,SoftSkills
user_91,Advogado,cego,0.626,3,33,Advogado_Acessivel
user_546,Contabilidade,nenhuma,0.626,13,3,Contabilidade
user_303,Design,nenhuma,0.734,2,160,Design
user_944,Advogado,nenhuma,0.756,0,19,Advogado
user_819,Design,nenhuma,0.668,19,148,Design
user_70,SoftSkills,cego,0.529,9,67,SoftSkills_Acessivel
user_25,SoftSkills,libras,0.87,9,42,SoftSkills_Acessivel
user_841,SoftSkills,nenhuma,0.718,18,86,SoftSkills
user_625,Design,nenhuma,0.789,1,120,Design
user_658,SoftSkills,nenhuma,0.721,7,43,SoftSkills
user_294,Design,cego,0.499,4,61,Design_Acessivel
user_630,Advogado,nenhuma,0.715,18,110,Advogado
user_793,Contabilidade,nenhuma,0.846,10,65,Contabilidade
user_469,Advogado,nenhuma,0.732,19,142,Advogado
user_433,Design,nenhuma,0.751,19,27,Design
user_992,Secretariado,nenhuma,0.803,2,95,Secretariado
user_378,Advogado,nenhuma,0.748,3,117,Advogado
user_246,Logistica,cego,0.64,3,11,Logistica_Acessivel
user_129,Advogado,cego,0.559,7,28,Advogado_Acessivel
user_368,Advogado,nenhuma,0.825,9,14,Advogado
user_183,SoftSkills,cego,0.578,7,26,SoftSkills_Acessivel
user_87,SoftSkills,libras,0.615,6,64,SoftSkills_Acessivel
user_739,SoftSkills,nenhuma,0.812,16,158,SoftSkills
user_652,SoftSkills,nenhuma,0.856,17,145,SoftSkills
user_941,Contabilidade,nenhuma,0.7,10,167,Contabilidade
user_933,Secretariado,nenhuma,0.745,4,170,Secretariado
user_351,Secretariado,nenhuma,0.877,17,110,Secretariado
user_162,Logistica,cego,0.61,4,82,Logistica_Acessivel
user_653,Logistica,nenhuma,0.671,7,124,Logistica
user_590,SoftSkills,nenhuma,0.644,14,120,SoftSkills
user_599,Logistica,nenhuma,0.815,14,143,Logistica
user_163,Design,libras,0.591,9,46,Design_Acessivel
user_774,SoftSkills,nenhuma,0.629,9,163,SoftSkills
user_979,Contabilidade,nenhuma,0.575,16,128,Contabilidade
user_464,Advogado,nenhuma,0.625,15,140,Advogado
user_283,Design,libras,0.579,7,113,Design_Acessivel
user_195,SoftSkills,cego,0.613,11,30,SoftSkills_Acessivel
user_5,Contabilidade,cego,0.572,9,92,Contabilidade_Acessivel
user_152,SoftSkills,libras,0.604,10,51,SoftSkills_Acessivel
user_980,SoftSkills,nenhuma,0.554,5,166,SoftSkills
user_10,Contabilidade,cego,0.547,6,44,Contabilidade_Acessivel
user_911,Secretariado,nenhuma,0.659,9,73,Secretariado
user_282,Secretariado,libras,0.64,4,43,Secretariado_Acessivel
user_882,Advogado,nenhuma,0.75,16,71,Advogado
user_510,Logistica,nenhuma,0.698,18,69,Logistica
user_250,Advogado,libras,0.621,1,115,Advogado_Acessivel
user_673,Design,nenhuma,0.811,1,29,Design
user_537,Secretariado,nenhuma,0.823,10,10,Secretariado
user_807,SoftSkills,nenhuma,0.733,3,108,SoftSkills
user_579,Advogado,nenhuma,0.686,9,71,Advogado
user_706,Contabilidade,nenhuma,0.651,18,129,Contabilidade
user_664,Advogado,nenhuma,0.673,7,108,Advogado
user_648,Contabilidade,nenhuma,0.631,18,132,Contabilidade
user_137,Advogado,cego,0.561,0,11,Advogado_Acessivel
user_492,SoftSkills,nenhuma,0.699,13,115,SoftSkills
user_370,Advogado,nenhuma,0.845,12,122,Advogado
user_472,Secretariado,nenhuma,0.597,19,151,Secretariado
user_460,SoftSkills,nenhuma,0.623,16,35,SoftSkills
user_761,Logistica,nenhuma,0.709,15,103,Logistica
user_210,Design,cego,0.808,10,95,Design_Acessivel
user_795,SoftSkills,nenhuma,0.699,14,159,SoftSkills
user_252,SoftSkills,cego,0.655,5,107,SoftSkills_Acessivel
user_186,Contabilidade,cego,0.426,0,90,Contabilidade_Acessivel
user_83,Logistica,libras,0.591,2,92,Logistica_Acessivel
user_954,SoftSkills,nenhuma,0.645,8,120,SoftSkills
user_719,Logistica,nenhuma,0.716,18,175,Logistica
user_228,Advogado,cego,0.448,0,29,Advogado_Acessivel
user_105,Advogado,cego,0.521,0,103,Advogado_Acessivel
user_972,Advogado,nenhuma,0.647,5,157,Advogado
user_852,Advogado,nenhuma,0.746,0,51,Advogado
user_649,Contabilidade,nenhuma,0.7,12,67,Contabilidade
user_269,Secretariado,cego,0.494,2,3,Secretariado_Acessivel
user_687,Design,nenhuma,0.698,0,152,Design
user_299,Advogado,libras,0.55,2,6,Advogado_Acessivel
user_989,Logistica,nenhuma,0.747,10,125,Logistica
user_766,Secretariado,nenhuma,0.759,0,100,Secretariado
user_580,SoftSkills,nenhuma,0.677,0,81,SoftSkills
user_244,Advogado,libras,0.528,6,85,Advogado_Acessivel
user_943,SoftSkills,nenhuma,0.729,8,175,SoftSkills
user_293,Advogado,libras,0.58,3,12,Advogado_Acessivel
user_119,Contabilidade,libras,0.437,9,19,Contabilidade_Acessivel
user_550,SoftSkills,nenhuma,0.725,18,150,SoftSkills
user_28,Logistica,cego,0.411,10,29,Logistica_Acessivel
user_844,Design,nenhuma,0.786,17,30,Design
user_147,Design,libras,0.724,10,50,Design_Acessivel
user_716,SoftSkills,nenhuma,0.772,3,102,SoftSkills
user_863,Advogado,nenhuma,0.903,0,27,Advogado
user_104,Advogado,cego,0.564,7,64,Advogado_Acessivel
user_63,Advogado,libras,0.579,4,61,Advogado_Acessivel
user_450,Advogado,nenhuma,0.85,13,77,Advogado
user_115,SoftSkills,cego,0.59,9,9,SoftSkills_Acessivel
user_149,SoftSkills,cego,0.55,6,79,SoftSkills_Acessivel
user_633,Advogado,nenhuma,0.773,13,120,Advogado
user_781,Logistica,nenhuma,0.798,6,57,Logistica
user_755,Advogado,nenhuma,0.768,18,165,Advogado
user_233,SoftSkills,cego,0.594,0,78,SoftSkills_Acessivel
user_499,Secretariado,nenhuma,0.83,9,58,Secretariado
user_801,Design,nenhuma,0.706,2,6,Design
user_493,Contabilidade,nenhuma,0.842,7,17,Contabilidade
user_614,Contabilidade,nenhuma,0.779,15,21,Contabilidade
user_342,Logistica,nenhuma,0.703,2,64,Logistica
user_745,SoftSkills,nenhuma,0.639,7,12,SoftSkills
user_893,Secretariado,nenhuma,0.764,3,98,Secretariado
user_407,Logistica,nenhuma,0.806,14,34,Logistica
user_798,Advogado,nenhuma,0.782,17,166,Advogado
user_506,Advogado,nenhuma,0.711,8,169,Advogado
user_416,Advogado,nenhuma,0.754,10,68,Advogado
user_809,Secretariado,nenhuma,0.762,1,8,Secretariado
user_779,Advogado,nenhuma,0.755,9,175,Advogado
user_615,Contabilidade,nenhuma,0.675,8,51,Contabilidade
user_139,Secretariado,cego,0.514,8,99,Secretariado_Acessivel
user_42,SoftSkills,cego,0.63,7,69,SoftSkills_Acessivel
user_232,Secretariado,cego,0.497,0,45,Secretariado_Acessivel
user_107,Logistica,cego,0.501,0,113,Logistica_Acessivel
user_321,Design,nenhuma,0.69,6,159,Design
user_862,Logistica,nenhuma,0.756,18,134,Logistica
user_803,Logistica,nenhuma,0.686,5,169,Logistica
user_718,Secretariado,nenhuma,0.662,18,179,Secretariado
user_725,SoftSkills,nenhuma,0.81,9,42,SoftSkills
user_689,Contabilidade,nenhuma,0.708,9,146,Contabilidade
user_140,Advogado,cego,0.579,4,112,Advogado_Acessivel
user_265,Contabilidade,libras,0.501,3,107,Contabilidade_Acessivel
user_995,Contabilidade,nenhuma,0.624,5,159,Contabilidade
user_44,Secretariado,libras,0.775,5,80,Secretariado_Acessivel
user_1,Contabilidade,cego,0.481,2,87,Contabilidade_Acessivel
user_367,SoftSkills,nenhuma,0.704,2,127,SoftSkills
user_705,Logistica,nenhuma,0.619,11,139,Logistica
user_417,Design,nenhuma,0.585,5,19,Design
user_384,SoftSkills,nenhuma,0.752,9,172,SoftSkills
user_905,Advogado,nenhuma,0.664,15,34,Advogado
user_565,Advogado,nenhuma,0.748,19,152,Advogado
user_479,Contabilidade,nenhuma,0.676,2,66,Contabilidade
user_853,Contabilidade,nenhuma,0.716,1,104,Contabilidade
user_180,Logistica,libras,0.61,5,70,Logistica_Acessivel
user_762,Contabilidade,nenhuma,0.684,8,99,Contabilidade
user_143,Logistica,cego,0.518,4,78,Logistica_Acessivel
user_896,Contabilidade,nenhuma,0.7,18,129,Contabilidade
user_467,Contabilidade,nenhuma,0.782,19,150,Contabilidade
user_967,Contabilidade,nenhuma,0.659,14,48,Contabilidade
user_624,Advogado,nenhuma,0.679,2,77,Advogado
user_984,SoftSkills,nenhuma,0.769,19,101,SoftSkills
user_606,Advogado,nenhuma,0.635,11,139,Advogado
user_171,Contabilidade,cego,0.56,2,115,Contabilidade_Acessivel
user_815,Contabilidade,nenhuma,0.62,7,66,Contabilidade
user_916,Contabilidade,nenhuma,0.66,5,168,Contabilidade
user_796,Advogado,nenhuma,0.573,13,26,Advogado
user_498,Logistica,nenhuma,0.546,1,62,Logistica
user_965,Contabilidade,nenhuma,0.71,10,130,Contabilidade
user_822,Logistica,nenhuma,0.686,19,93,Logistica
user_286,Secretariado,cego,0.628,9,34,Secretariado_Acessivel
user_883,Secretariado,nenhuma,0.751,2,2,Secretariado
user_2,Secretariado,cego,0.596,7,117,Secretariado_Acessivel
user_272,Design,cego,0.522,8,55,Design_Acessivel
user_473,Design,nenhuma,0.751,2,150,Design
user_919,SoftSkills,nenhuma,0.757,12,4,SoftSkills
user_497,Logistica,nenhuma,0.75,13,86,Logistica
user_746,SoftSkills,nenhuma,0.733,1,82,SoftSkills
user_111,Advogado,libras,0.485,4,23,Advogado_Acessivel
user_474,Secretariado,nenhuma,0.919,14,86,Secretariado
user_987,Logistica,nenhuma,0.798,15,134,Logistica
user_686,Secretariado,nenhuma,0.61,15,160,Secretariado
user_279,Logistica,cego,0.66,6,99,Logistica_Acessivel
user_109,Secretariado,cego,0.601,3,83,Secretariado_Acessivel
user_328,Logistica,nenhuma,0.742,3,148,Logistica
user_58,Contabilidade,cego,0.494,7,8,Contabilidade_Acessivel
user_273,Contabilidade,cego,0.655,7,95,Contabilidade_Acessivel
user_481,Design,nenhuma,0.727,9,25,Design
user_337,Design,nenhuma,0.622,10,116,Design
user_500,Logistica,nenhuma,0.689,0,13,Logistica
user_849,Secretariado,nenhuma,0.731,16,139,Secretariado
user_626,SoftSkills,nenhuma,0.748,5,142,SoftSkills
user_639,Advogado,nenhuma,0.819,15,158,Advogado
user_557,Secretariado,nenhuma,0.788,15,69,Secretariado
user_771,Advogado,nenhuma,0.761,11,47,Advogado
user_388,Logistica,nenhuma,0.806,4,168,Logistica
user_723,Advogado,nenhuma,0.709,12,175,Advogado
user_813,Design,nenhuma,0.719,8,165,Design
user_487,Logistica,nenhuma,0.743,10,130,Logistica
user_596,Advogado,nenhuma,0.683,17,171,Advogado
user_287,Secretariado,libras,0.607,2,39,Secretariado_Acessivel
user_127,Advogado,libras,0.544,0,117,Advogado_Acessivel
user_749,Design,nenhuma,0.776,16,87,Design
user_308,Design,nenhuma,0.579,11,170,Design
user_702,Contabilidade,nenhuma,0.601,4,165,Contabilidade
user_255,SoftSkills,cego,0.558,5,76,SoftSkills_Acessivel
user_349,SoftSkills,nenhuma,0.666,5,176,SoftSkills
user_177,Advogado,cego,0.409,4,6,Advogado_Acessivel
user_76,SoftSkills,libras,0.64,11,115,SoftSkills_Acessivel
user_699,Contabilidade,nenhuma,0.776,3,18,Contabilidade
user_387,SoftSkills,nenhuma,0.614,1,163,SoftSkills
user_611,SoftSkills,nenhuma,0.743,8,116,SoftSkills
user_544,Logistica,nenhuma,0.77,5,54,Logistica
user_206,Contabilidade,libras,0.535,5,66,Contabilidade_Acessivel
user_6,SoftSkills,libras,0.566,2,108,SoftSkills_Acessivel
user_185,Design,libras,0.539,0,20,Design_Acessivel
user_737,SoftSkills,nenhuma,0.591,1,39,SoftSkills
user_789,Contabilidade,nenhuma,0.722,14,32,Contabilidade
user_712,Secretariado,nenhuma,0.6,1,11,Secretariado
user_732,Advogado,nenhuma,0.806,1,174,Advogado
user_608,Contabilidade,nenhuma,0.717,5,59,Contabilidade
user_942,SoftSkills,nenhuma,0.693,18,118,SoftSkills
user_850,Design,nenhuma,0.58,16,68,Design
user_237,Design,cego,0.637,11,97,Design_Acessivel
user_994,Secretariado,nenhuma,0.715,10,158,Secretariado
user_412,Logistica,nenhuma,0.78,15,69,Logistica
user_451,Logistica,nenhuma,0.773,17,67,Logistica
user_53,Secretariado,cego,0.635,3,24,Secretariado_Acessivel
user_220,Contabilidade,libras,0.59,5,87,Contabilidade_Acessivel
user_120,SoftSkills,cego,0.696,2,45,SoftSkills_Acessivel
user_422,Logistica,nenhuma,0.605,18,60,Logistica
user_988,Advogado,nenhuma,0.748,13,157,Advogado
user_800,SoftSkills,nenhuma,0.82,17,78,SoftSkills
user_750,Design,nenhuma,0.848,7,169,Design
user_672,Advogado,nenhuma,0.695,0,76,Advogado
user_72,Secretariado,libras,0.535,9,2,Secretariado_Acessivel
user_551,Logistica,nenhuma,0.764,18,176,Logistica
user_132,Secretariado,libras,0.53,5,63,Secretariado_Acessivel
user_310,SoftSkills,nenhuma,0.704,7,133,SoftSkills
user_870,Advogado,nenhuma,0.775,16,12,Advogado
user_270,Logistica,libras,0.784,11,44,Logistica_Acessivel
user_188,Secretariado,cego,0.591,0,6,Secretariado_Acessivel
user_589,Logistica,nenhuma,0.681,13,116,Logistica
user_390,SoftSkills,nenhuma,0.698,15,93,SoftSkills
user_229,Secretariado,cego,0.489,3,105,Secretariado_Acessivel
user_488,Contabilidade,nenhuma,0.657,18,31,Contabilidade
user_224,Advogado,libras,0.706,9,75,Advogado_Acessivel
user_345,Logistica,nenhuma,0.777,13,50,Logistica
user_187,SoftSkills,libras,0.509,3,77,SoftSkills_Acessivel
user_708,Logistica,nenhuma,0.691,16,99,Logistica
user_786,SoftSkills,nenhuma,0.812,3,104,SoftSkills
user_18,Advogado,cego,0.539,7,1,Advogado_Acessivel
user_997,Contabilidade,nenhuma,0.806,15,85,Contabilidade
user_227,Secretariado,cego,0.608,3,70,Secretariado_Acessivel
user_327,Advogado,nenhuma,0.712,14,37,Advogado
user_444,Advogado,nenhuma,0.758,4,68,Advogado
user_996,SoftSkills,nenhuma,0.775,17,177,SoftSkills
user_38,SoftSkills,libras,0.588,6,2,SoftSkills_Acessivel
user_428,Secretariado,nenhuma,0.734,15,87,Secretariado
user_447,Design,nenhuma,0.898,14,49,Design
user_201,Design,cego,0.641,2,39,Design_Acessivel
user_720,Contabilidade,nenhuma,0.743,6,109,Contabilidade
user_82,Secretariado,cego,0.558,6,40,Secretariado_Acessivel
user_731,Advogado,nenhuma,0.748,7,23,Advogado
user_218,Advogado,libras,0.638,5,51,Advogado_Acessivel
user_903,Advogado,nenhuma,0.785,7,39,Advogado
user_40,SoftSkills,cego,0.563,1,53,SoftSkills_Acessivel
user_393,Advogado,nenhuma,0.692,10,165,Advogado
user_32,Advogado,libras,0.641,6,62,Advogado_Acessivel
user_525,Logistica,nenhuma,0.789,6,12,Logistica
user_679,SoftSkills,nenhuma,0.584,0,55,SoftSkills
user_503,Logistica,nenhuma,0.625,19,112,Logistica
user_271,SoftSkills,cego,0.649,0,61,SoftSkills_Acessivel
user_861,Advogado,nenhuma,0.715,3,59,Advogado
user_399,Secretariado,nenhuma,0.779,4,161,Secretariado
user_371,Secretariado,nenhuma,0.762,18,44,Secretariado
user_530,SoftSkills,nenhuma,0.691,12,2,SoftSkills
user_688,Design,nenhuma,0.714,4,7,Design
user_89,Secretariado,cego,0.512,4,86,Secretariado_Acessivel
user_777,Contabilidade,nenhuma,0.711,0,84,Contabilidade
user_226,Secretariado,libras,0.377,10,108,Secretariado_Acessivel
user_951,Logistica,nenhuma,0.763,10,25,Logistica
user_887,Contabilidade,nenhuma,0.649,1,158,Contabilidade
user_106,SoftSkills,libras,0.631,4,12,SoftSkills_Acessivel
user_895,Advogado,nenhuma,0.724,16,137,Advogado
user_490,Secretariado,nenhuma,0.742,17,159,Secretariado
user_735,SoftSkills,nenhuma,0.569,7,145,SoftSkills
user_247,Design,libras,0.574,3,5,Design_Acessivel
user_65,Advogado,libras,0.457,5,99,Advogado_Acessivel
user_145,Logistica,cego,0.597,7,32,Logistica_Acessivel
user_958,Secretariado,nenhuma,0.817,13,30,Secretariado
user_446,Design,nenhuma,0.757,18,164,Design
user_932,Advogado,nenhuma,0.659,5,109,Advogado
user_355,Advogado,nenhuma,0.72,19,161,Advogado
user_238,Contabilidade,cego,0.464,1,7,Contabilidade_Acessivel
user_128,SoftSkills,libras,0.523,2,16,SoftSkills_Acessivel
user_424,Contabilidade,nenhuma,0.696,5,11,Contabilidade
user_266,SoftSkills,cego,0.582,10,109,SoftSkills_Acessivel
user_486,SoftSkills,nenhuma,0.724,19,146,SoftSkills
user_832,Design,nenhuma,0.763,19,109,Design
user_453,Advogado,nenhuma,0.751,5,42,Advogado
user_190,Design,libras,0.759,3,65,Design_Acessivel
user_96,Contabilidade,libras,0.569,1,35,Contabilidade_Acessivel
user_302,Secretariado,nenhuma,0.758,9,163,Secretariado
user_11,Secretariado,cego,0.552,7,4,Secretariado_Acessivel
user_930,SoftSkills,nenhuma,0.766,9,177,SoftSkills
user_31,Contabilidade,libras,0.558,10,119,Contabilidade_Acessivel
user_642,Contabilidade,nenhuma,0.813,4,172,Contabilidade
user_790,Contabilidade,nenhuma,0.738,8,17,Contabilidade
user_963,Secretariado,nenhuma,0.732,7,59,Secretariado
user_376,Contabilidade,nenhuma,0.698,11,126,Contabilidade
user_383,Logistica,nenhuma,0.67,7,100,Logistica
user_975,Design,nenhuma,0.66,10,54,Design
user_338,Design,nenhuma,0.706,14,84,Design
user_875,SoftSkills,nenhuma,0.685,14,167,SoftSkills
user_516,Contabilidade,nenhuma,0.778,16,136,Contabilidade
user_86,Design,libras,0.669,0,111,Design_Acessivel
user_794,Advogado,nenhuma,0.639,14,52,Advogado
user_101,SoftSkills,libras,0.553,3,58,SoftSkills_Acessivel
user_36,Secretariado,libras,0.566,5,32,Secretariado_Acessivel
user_915,Secretariado,nenhuma,0.891,10,123,Secretariado
user_637,SoftSkills,nenhuma,0.668,7,2,SoftSkills
user_420,SoftSkills,nenhuma,0.83,6,89,SoftSkills
user_49,Advogado,cego,0.586,9,99,Advogado_Acessivel
user_990,SoftSkills,nenhuma,0.745,15,27,SoftSkills
user_39,Advogado,cego,0.535,0,1,Advogado_Acessivel
user_650,SoftSkills,nenhuma,0.653,11,162,SoftSkills
user_60,SoftSkills,cego,0.722,6,22,SoftSkills_Acessivel
user_568,Design,nenhuma,0.644,15,144,Design
user_938,SoftSkills,nenhuma,0.793,0,158,SoftSkills
user_192,Advogado,cego,0.522,4,62,Advogado_Acessivel
user_110,Logistica,libras,0.59,4,99,Logistica_Acessivel
user_360,SoftSkills,nenhuma,0.698,17,143,SoftSkills
user_56,Design,libras,0.543,5,35,Design_Acessivel
user_236,Logistica,libras,0.434,6,103,Logistica_Acessivel
user_981,Secretariado,nenhuma,0.606,12,156,Secretariado
user_584,Logistica,nenhuma,0.654,4,2,Logistica
user_808,Secretariado,nenhuma,0.723,1,17,Secretariado
user_638,Advogado,nenhuma,0.732,13,86,Advogado
user_879,Design,nenhuma,0.718,9,17,Design
user_84,Design,libras,0.561,4,90,Design_Acessivel
user_485,Design,nenhuma,0.761,12,31,Design
user_783,Secretariado,nenhuma,0.767,3,111,Secretariado
user_564,Advogado,nenhuma,0.862,3,70,Advogado
user_728,Secretariado,nenhuma,0.761,0,36,Secretariado
user_358,Advogado,nenhuma,0.557,12,116,Advogado
user_50,Contabilidade,cego,0.455,9,112,Contabilidade_Acessivel
user_867,Design,nenhuma,0.75,4,72,Design
user_763,Design,nenhuma,0.822,8,124,Design
user_802,Logistica,nenhuma,0.615,7,172,Logistica
user_570,Advogado,nenhuma,0.701,12,107,Advogado
user_364,Contabilidade,nenhuma,0.842,7,72,Contabilidade
user_71,SoftSkills,libras,0.618,5,23,SoftSkills_Acessivel
user_98,Advogado,cego,0.414,0,40,Advogado_Acessivel
user_523,Design,nenhuma,0.766,19,172,Design
user_494,Logistica,nenhuma,0.828,6,124,Logistica
user_350,Advogado,nenhuma,0.864,1,88,Advogado
user_810,Logistica,nenhuma,0.71,9,8,Logistica
user_948,Advogado,nenhuma,0.725,6,128,Advogado
user_785,Secretariado,nenhuma,0.75,7,45,Secretariado
user_268,Advogado,libras,0.784,0,89,Advogado_Acessivel
user_874,Design,nenhuma,0.796,15,19,Design
user_309,Advogado,nenhuma,0.761,10,124,Advogado
user_743,Contabilidade,nenhuma,0.668,17,14,Contabilidade
user_380,SoftSkills,nenhuma,0.717,6,170,SoftSkills
user_998,Logistica,nenhuma,0.882,9,83,Logistica
user_366,Secretariado,nenhuma,0.765,19,132,Secretariado
user_734,Secretariado,nenhuma,0.589,7,3,Secretariado
user_607,SoftSkills,nenhuma,0.635,12,162,SoftSkills
user_927,Advogado,nenhuma,0.633,9,23,Advogado
user_264,Logistica,libras,0.644,7,33,Logistica_Acessivel
user_825,Contabilidade,nenhuma,0.656,0,145,Contabilidade
user_631,Secretariado,nenhuma,0.763,19,173,Secretariado
user_223,Contabilidade,libras,0.638,2,63,Contabilidade_Acessivel
user_751,SoftSkills,nenhuma,0.786,10,121,SoftSkills
user_465,Contabilidade,nenhuma,0.533,18,104,Contabilidade
user_234,Design,cego,0.663,1,118,Design_Acessivel
user_913,Advogado,nenhuma,0.788,0,37,Advogado
user_212,Secretariado,libras,0.641,9,104,Secretariado_Acessivel
user_179,Secretariado,libras,0.602,0,53,Secretariado_Acessivel
user_73,Advogado,libras,0.636,9,119,Advogado_Acessivel
user_955,Advogado,nenhuma,0.805,8,108,Advogado
user_256,Logistica,cego,0.516,9,86,Logistica_Acessivel
user_88,Logistica,cego,0.616,5,93,Logistica_Acessivel
user_215,Advogado,libras,0.669,10,76,Advogado_Acessivel
user_181,Contabilidade,cego,0.634,5,118,Contabilidade_Acessivel
user_968,Advogado,nenhuma,0.74,3,136,Advogado
user_239,Advogado,cego,0.44,6,59,Advogado_Acessivel
user_45,Secretariado,cego,0.707,2,90,Secretariado_Acessivel
user_519,Secretariado,nenhuma,0.725,15,32,Secretariado
user_747,Design,nenhuma,0.643,16,79,Design
user_830,Design,nenhuma,0.614,7,133,Design
user_144,SoftSkills,cego,0.678,0,51,SoftSkills_Acessivel
user_439,Advogado,nenhuma,0.593,3,84,Advogado
user_628,SoftSkills,nenhuma,0.696,19,113,SoftSkills
user_340,SoftSkills,nenhuma,0.739,18,131,SoftSkills
user_640,Contabilidade,nenhuma,0.729,2,11,Contabilidade
user_1000,Design,nenhuma,0.672,9,61,Design
user_925,Logistica,nenhuma,0.788,14,84,Logistica
user_29,Logistica,libras,0.583,5,28,Logistica_Acessivel
user_8,Advogado,cego,0.579,6,18,Advogado_Acessivel
user_660,Design,nenhuma,0.66,10,54,Design
user_150,Logistica,cego,0.648,1,75,Logistica_Acessivel
user_811,SoftSkills,nenhuma,0.643,0,171,SoftSkills
user_876,Contabilidade,nenhuma,0.707,0,141,Contabilidade
user_587,Contabilidade,nenhuma,0.722,9,99,Contabilidade
user_538,Logistica,nenhuma,0.686,13,155,Logistica
user_438,Logistica,nenhuma,0.707,6,56,Logistica
user_804,Contabilidade,nenhuma,0.767,2,48,Contabilidade
user_969,Advogado,nenhuma,0.832,12,62,Advogado
user_742,SoftSkills,nenhuma,0.615,9,10,SoftSkills
user_805,Secretariado,nenhuma,0.724,10,101,Secretariado
user_834,SoftSkills,nenhuma,0.638,13,68,SoftSkills
user_13,Contabilidade,libras,0.617,7,78,Contabilidade_Acessivel
user_94,Contabilidade,cego,0.63,7,80,Contabilidade_Acessivel
user_90,Logistica,cego,0.468,11,69,Logistica_Acessivel
user_184,Logistica,cego,0.63,11,5,Logistica_Acessivel
user_156,Logistica,libras,0.664,1,6,Logistica_Acessivel
user_643,Advogado,nenhuma,0.735,8,68,Advogado
user_166,SoftSkills,libras,0.528,10,63,SoftSkills_Acessivel
user_222,Advogado,cego,0.658,4,9,Advogado_Acessivel
user_532,Secretariado,nenhuma,0.742,11,22,Secretariado
user_118,Advogado,cego,0.457,3,36,Advogado_Acessivel
user_296,Logistica,libras,0.604,1,25,Logistica_Acessivel
user_983,Secretariado,nenhuma,0.598,6,132,Secretariado
user_207,Logistica,libras,0.572,5,13,Logistica_Acessivel
user_43,Design,libras,0.647,0,73,Design_Acessivel
user_59,Secretariado,cego,0.636,11,59,Secretariado_Acessivel
user_375,Contabilidade,nenhuma,0.811,4,4,Contabilidade
user_929,Advogado,nenhuma,0.681,4,36,Advogado
user_112,Advogado,libras,0.622,6,109,Advogado_Acessivel
user_935,Advogado,nenhuma,0.534,13,116,Advogado
user_404,Contabilidade,nenhuma,0.76,5,84,Contabilidade
user_434,Logistica,nenhuma,0.631,14,156,Logistica
user_654,Design,nenhuma,0.717,0,93,Design
user_430,Secretariado,nenhuma,0.798,15,47,Secretariado
user_93,Design,libras,0.6,7,69,Design_Acessivel
user_721,Secretariado,nenhuma,0.704,19,173,Secretariado
user_754,Secretariado,nenhuma,0.79,12,83,Secretariado
user_726,SoftSkills,nenhuma,0.796,15,169,SoftSkills
user_406,Design,nenhuma,0.637,0,8,Design
user_616,Design,nenhuma,0.687,10,23,Design
user_655,Logistica,nenhuma,0.607,2,176,Logistica
user_193,Contabilidade,libras,0.655,10,9,Contabilidade_Acessivel
user_260,Advogado,cego,0.686,2,53,Advogado_Acessivel
user_839,Logistica,nenhuma,0.775,4,57,Logistica
user_64,Secretariado,libras,0.818,3,35,Secretariado_Acessivel
user_833,Logistica,nenhuma,0.651,15,103,Logistica
user_851,Contabilidade,nenhuma,0.646,4,102,Contabilidade
user_918,Design,nenhuma,0.729,1,63,Design
user_458,Secretariado,nenhuma,0.596,11,125,Secretariado
user_182,SoftSkills,cego,0.582,7,102,SoftSkills_Acessivel
user_857,Logistica,nenhuma,0.771,2,81,Logistica
user_511,Contabilidade,nenhuma,0.881,12,87,Contabilidade
user_571,Contabilidade,nenhuma,0.804,3,178,Contabilidade
user_425,Secretariado,nenhuma,0.756,1,174,Secretariado
user_343,Advogado,nenhuma,0.62,14,27,Advogado
user_645,Logistica,nenhuma,0.679,11,174,Logistica
user_940,Design,nenhuma,0.674,14,115,Design
user_277,Design,cego,0.635,4,7,Design_Acessivel
user_75,Logistica,libras,0.505,7,110,Logistica_Acessivel
user_471,Design,nenhuma,0.627,1,75,Design
user_888,Logistica,nenhuma,0.713,1,150,Logistica
user_722,Advogado,nenhuma,0.708,16,113,Advogado
user_694,Logistica,nenhuma,0.883,17,69,Logistica
user_567,Contabilidade,nenhuma,0.644,13,120,Contabilidade
user_155,Advogado,cego,0.569,11,84,Advogado_Acessivel
user_914,Advogado,nenhuma,0.689,17,56,Advogado
user_189,Design,libras,0.76,1,13,Design_Acessivel
user_907,Design,nenhuma,0.848,15,138,Design
user_288,Contabilidade,libras,0.685,0,93,Contabilidade_Acessivel
user_715,SoftSkills,nenhuma,0.722,11,52,SoftSkills
user_14,Contabilidade,cego,0.641,8,62,Contabilidade_Acessivel
user_921,Secretariado,nenhuma,0.783,14,129,Secretariado
user_678,SoftSkills,nenhuma,0.749,2,144,SoftSkills
user_468,Design,nenhuma,0.628,7,32,Design
user_170,Secretariado,cego,0.55,6,110,Secretariado_Acessivel
user_113,Design,cego,0.715,11,9,Design_Acessivel
user_758,Logistica,nenhuma,0.792,10,13,Logistica
user_900,Contabilidade,nenhuma,0.719,14,15,Contabilidade
user_562,Logistica,nenhuma,0.704,9,5,Logistica
user_780,SoftSkills,nenhuma,0.722,8,162,SoftSkills
user_661,SoftSkills,nenhuma,0.786,16,41,SoftSkills
user_563,Contabilidade,nenhuma,0.718,0,24,Contabilidade
user_901,Contabilidade,nenhuma,0.854,18,92,Contabilidade
user_315,Logistica,nenhuma,0.767,18,80,Logistica
user_191,Logistica,cego,0.761,2,94,Logistica_Acessivel
user_709,Contabilidade,nenhuma,0.636,18,165,Contabilidade
user_540,SoftSkills,nenhuma,0.671,9,90,SoftSkills
user_695,SoftSkills,nenhuma,0.72,10,45,SoftSkills
user_622,Logistica,nenhuma,0.672,2,57,Logistica
user_651,Secretariado,nenhuma,0.723,5,6,Secretariado
user_920,SoftSkills,nenhuma,0.827,6,61,SoftSkills
user_855,Design,nenhuma,0.773,16,162,Design
user_211,Secretariado,cego,0.706,10,69,Secretariado_Acessivel
user_48,Advogado,libras,0.649,10,92,Advogado_Acessivel
user_276,Design,libras,0.682,6,17,Design_Acessivel
user_665,Secretariado,nenhuma,0.787,12,12,Secretariado
user_939,Advogado,nenhuma,0.846,18,122,Advogado
